,preprocessed_name,NAME,CITY_x,STATE
2065,alaskapacificuniversity,ALASKA PACIFIC UNIVERSITY,Anchorage,AK
1149,amridgeuniversity,AMRIDGE UNIVERSITY,Montgomery,AL
1139,bevillstatecommunitycollege,BEVILL STATE COMMUNITY COLLEGE,Jasper,AL
1146,columbiasouthernuniversity,COLUMBIA SOUTHERN UNIVERSITY,Orange Beach,AL
1185,concordiacollegealabama,CONCORDIA COLLEGE ALABAMA,,AL
1187,herzinguniversitybirmingham,HERZING UNIVERSITY-BIRMINGHAM,Birmingham,AL
1186,judsoncollege,JUDSON COLLEGE,Marion,AL
1167,milescollege,MILES COLLEGE,Fairfield,AL
1183,selmauniversity,SELMA UNIVERSITY,Selma,AL
1180,stillmancollege,STILLMAN COLLEGE,Tuscaloosa,AL
1181,talladegacollege,TALLADEGA COLLEGE,Talladega,AL
1182,tuskegeeuniversity,TUSKEGEE UNIVERSITY,Tuskegee,AL
1168,universitymobile,UNIVERSITY OF MOBILE,Mobile,AL
1171,universitynorthalabama,UNIVERSITY OF NORTH ALABAMA,Florence,AL
541,arkansasstateuniversitymidsouth,ARKANSAS STATE UNIVERSITY MID-SOUTH,West Memphis,AR
532,blackrivertechnicalcollege,BLACK RIVER TECHNICAL COLLEGE,Pocahontas,AR
537,hardinguniversity,HARDING UNIVERSITY,Searcy,AR
538,hendersonstateuniversity,HENDERSON STATE UNIVERSITY,Arkadelphia,AR
539,hendrixcollege,HENDRIX COLLEGE,Conway,AR
536,nationalparkcollege,NATIONAL PARK COLLEGE,Hot Springs,AR
552,northwestarkansascommunitycollege,NORTHWEST ARKANSAS COMMUNITY COLLEGE,Bentonville,AR
545,ozarkacollege,OZARKA COLLEGE,Melbourne,AR
555,shortercollege,SHORTER COLLEGE,N Little Rock,AR
547,southeastarkansascollege,SOUTHEAST ARKANSAS COLLEGE,Pine Bluff,AR
531,universityarkansasmonticello,UNIVERSITY OF ARKANSAS AT MONTICELLO,Monticello,AR
549,williamsbaptistuniversity,WILLIAMS BAPTIST UNIVERSITY,,AR
1665,arizonastateuniversitydowntownphoenix,ARIZONA STATE UNIVERSITY-DOWNTOWN PHOENIX,Phoenix,AZ
1661,arizonastateuniversitywest,ARIZONA STATE UNIVERSITY-WEST,Glendale,AZ
1646,collegeamericaflagstaff,COLLEGEAMERICA-FLAGSTAFF,Flagstaff,AZ
1644,collegeamericaphoenix,COLLEGEAMERICA-PHOENIX,Phoenix,AZ
1658,prescottcollege,PRESCOTT COLLEGE,Prescott,AZ
1660,yavapaicollege,YAVAPAI COLLEGE,Prescott,AZ
732,antiochuniversitylosangeles,ANTIOCH UNIVERSITY-LOS ANGELES,Culver City,CA
675,azusapacificuniversity,AZUSA PACIFIC UNIVERSITY,Azusa,CA
679,buttecollege,BUTTE COLLEGE,Oroville,CA
670,californiachristiancollege,CALIFORNIA CHRISTIAN COLLEGE,Fresno,CA
663,californiacollegesandiego,CALIFORNIA COLLEGE SAN DIEGO,San Diego,CA
706,chabotcollege,CHABOT COLLEGE,Hayward,CA
721,claremontmckennacollege,CLAREMONT MCKENNA COLLEGE,Claremont,CA
671,communitychristiancollege,COMMUNITY CHRISTIAN COLLEGE,Redlands,CA
767,coppermountaincommunitycollege,COPPER MOUNTAIN COMMUNITY COLLEGE,Joshua Tree,CA
661,fresnopacificuniversity,FRESNO PACIFIC UNIVERSITY,Fresno,CA
764,harveymuddcollege,HARVEY MUDD COLLEGE,Claremont,CA
830,holynamesuniversity,HOLY NAMES UNIVERSITY,Oakland,CA
778,hopeinternationaluniversity,HOPE INTERNATIONAL UNIVERSITY,Fullerton,CA
725,johnfkennedyuniversity,JOHN F. KENNEDY UNIVERSITY,Pleasant Hill,CA
783,lasierrauniversity,LA SIERRA UNIVERSITY,Riverside,CA
729,lifepacificcollege,LIFE PACIFIC COLLEGE,San Dimas,CA
831,marymountcaliforniauniversity,MARYMOUNT CALIFORNIA UNIVERSITY,Rancho Palos Verdes,CA
795,mastersuniversityseminary,THE MASTER'S UNIVERSITY AND SEMINARY,,CA
738,middleburyinstituteinternationalstudiesmonterey,MIDDLEBURY INSTITUTE OF INTERNATIONAL STUDIES AT MONTEREY,,CA
760,millscollege,MILLS COLLEGE,Oakland,CA
827,mountsaintmarysuniversity,MOUNT SAINT MARY'S UNIVERSITY,Los Angeles,CA
786,nationaluniversity,NATIONAL UNIVERSITY,La Jolla,CA
801,notredamedenamuruniversity,NOTRE DAME DE NAMUR UNIVERSITY,Belmont,CA
734,pacificoakscollege,PACIFIC OAKS COLLEGE,Pasadena,CA
803,paloaltouniversity,PALO ALTO UNIVERSITY,Palo Alto,CA
720,pitzercollege,PITZER COLLEGE,Claremont,CA
777,santiagocanyoncollege,SANTIAGO CANYON COLLEGE,Orange,CA
667,saybrookuniversity,SAYBROOK UNIVERSITY,,CA
735,southerncaliforniainstitutearchitecture,SOUTHERN CALIFORNIA INSTITUTE OF ARCHITECTURE,Los Angeles,CA
743,stanbridgeuniversity,STANBRIDGE UNIVERSITY,,CA
809,stanforduniversity,STANFORD UNIVERSITY,Stanford,CA
834,tourocollegelosangeles,TOURO COLLEGE - LOS ANGELES,,CA
715,tridentuniversityinternational,TRIDENT UNIVERSITY INTERNATIONAL,Cypress,CA
718,universitylaverne,UNIVERSITY OF LA VERNE,La Verne,CA
792,universityredlands,UNIVERSITY OF REDLANDS,Redlands,CA
761,victorvalleycollege,VICTOR VALLEY COLLEGE,Victorville,CA
833,westcoastultrasoundinstitute,WEST COAST ULTRASOUND INSTITUTE,,CA
820,wrightinstitute,THE WRIGHT INSTITUTE,,CA
586,americansentineluniversity,AMERICAN SENTINEL UNIVERSITY,Aurora,CO
563,coloradochristianuniversity,COLORADO CHRISTIAN UNIVERSITY,Lakewood,CO
564,coloradocollege,COLORADO COLLEGE,Colorado Springs,CO
556,emilygriffithtechnicalcollege,EMILY GRIFFITH TECHNICAL COLLEGE,Denver,CO
215,goodwincollege,GOODWIN COLLEGE,East Hartford,CT
222,mitchellcollege,MITCHELL COLLEGE,New London,CT
227,postuniversity,POST UNIVERSITY,Waterbury,CT
343,americanuniversity,AMERICAN UNIVERSITY,Washington,DC
350,trinitywashingtonuniversity,TRINITY WASHINGTON UNIVERSITY,Washington,DC
1693,goldeybeacomcollege,GOLDEY-BEACOM COLLEGE,Wilmington,DE
1694,wesleycollege,WESLEY COLLEGE,Dover,DE
1692,wilmingtonuniversity,WILMINGTON UNIVERSITY,New Castle,DE
1018,avemariauniversity,AVE MARIA UNIVERSITY,,FL
1035,barryuniversity,BARRY UNIVERSITY,Miami,FL
1034,bethunecookmanuniversity,BETHUNE-COOKMAN UNIVERSITY,Daytona Beach,FL
1036,citycollegefortlauderdale,CITY COLLEGE-FORT LAUDERDALE,Fort Lauderdale,FL
1031,edwardwaterscollege,EDWARD WATERS COLLEGE,Jacksonville,FL
984,evergladesuniversity,EVERGLADES UNIVERSITY,Boca Raton,FL
1032,floridaatlanticuniversity,FLORIDA ATLANTIC UNIVERSITY,Boca Raton,FL
1026,floridainternationaluniversity,FLORIDA INTERNATIONAL UNIVERSITY,Miami,FL
1030,floridakeyscommunitycollege,FLORIDA KEYS COMMUNITY COLLEGE,Key West,FL
990,floridamemorialuniversity,FLORIDA MEMORIAL UNIVERSITY,Miami Gardens,FL
1020,floridapolytechnicuniversity,FLORIDA POLYTECHNIC UNIVERSITY,Lakeland,FL
991,floridasoutherncollege,FLORIDA SOUTHERN COLLEGE,Lakeland,FL
986,floridatechnicalcollege,FLORIDA TECHNICAL COLLEGE,Orlando,FL
1045,fullsailuniversity,FULL SAIL UNIVERSITY,,FL
996,jacksonvilleuniversity,JACKSONVILLE UNIVERSITY,Jacksonville,FL
997,keiseruniversityftlauderdale,KEISER UNIVERSITY-FT LAUDERDALE,Fort Lauderdale,FL
1039,lynnuniversity,LYNN UNIVERSITY,Boca Raton,FL
1001,northfloridacommunitycollege,NORTH FLORIDA COMMUNITY COLLEGE,Madison,FL
1003,novasoutheasternuniversity,NOVA SOUTHEASTERN UNIVERSITY,Fort Lauderdale,FL
1010,saintleouniversity,SAINT LEO UNIVERSITY,Saint Leo,FL
1019,universitysouthfloridastpetersburg,UNIVERSITY OF SOUTH FLORIDA-ST PETERSBURG,St. Petersburg,FL
1027,universitytampa,THE UNIVERSITY OF TAMPA,,FL
1041,universitywestflorida,THE UNIVERSITY OF WEST FLORIDA,,FL
1456,altieruscareercollegenorcross,ALTIERUS CAREER COLLEGE-NORCROSS,Norcross,GA
1404,armstrongstateuniversity,ARMSTRONG STATE UNIVERSITY,,GA
1406,atlantametropolitanstatecollege,ATLANTA METROPOLITAN STATE COLLEGE,Atlanta,GA
1410,beulahheightsuniversity,BEULAH HEIGHTS UNIVERSITY,Atlanta,GA
1457,brewtonparkercollege,BREWTON-PARKER COLLEGE,Mount Vernon,GA
1407,clarkatlantauniversity,CLARK ATLANTA UNIVERSITY,Atlanta,GA
1397,georgiamilitarycollegefayetteville,GEORGIA MILITARY COLLEGE - FAYETTEVILLE,,GA
1467,herzinguniversityatlanta,HERZING UNIVERSITY-ATLANTA,Atlanta,GA
1431,merceruniversity,MERCER UNIVERSITY,Macon,GA
1432,oglethorpeuniversity,OGLETHORPE UNIVERSITY,Atlanta,GA
1434,piedmontcollege,PIEDMONT COLLEGE,Demorest,GA
1398,pointuniversity,POINT UNIVERSITY,West Point,GA
1439,spelmancollege,SPELMAN COLLEGE,Atlanta,GA
1440,thomasuniversity,THOMAS UNIVERSITY,Thomasville,GA
1441,toccoafallscollege,TOCCOA FALLS COLLEGE,Toccoa Falls,GA
1442,truettmcconnelluniversity,TRUETT MCCONNELL UNIVERSITY,Cleveland,GA
1443,wesleyancollege,WESLEYAN COLLEGE,Macon,GA
1445,youngharriscollege,YOUNG HARRIS COLLEGE,Young Harris,GA
1500,chaminadeuniversityhonolulu,CHAMINADE UNIVERSITY OF HONOLULU,Honolulu,HI
1770,coecollege,COE COLLEGE,Cedar Rapids,IA
1771,cornellcollege,CORNELL COLLEGE,Mount Vernon,IA
1764,desmoinesareacommunitycollege,DES MOINES AREA COMMUNITY COLLEGE,Ankeny,IA
1772,dordtcollege,DORDT COLLEGE,Sioux Center,IA
1775,ellsworthcommunitycollege,ELLSWORTH COMMUNITY COLLEGE,Iowa Falls,IA
1776,grandviewuniversity,GRAND VIEW UNIVERSITY,Des Moines,IA
1783,maharishiuniversitymanagement,MAHARISHI UNIVERSITY OF MANAGEMENT,Fairfield,IA
1786,northiowaareacommunitycollege,NORTH IOWA AREA COMMUNITY COLLEGE,Mason City,IA
1788,northwesterncollege,NORTHWESTERN COLLEGE,Orange City,IA
1789,northwestiowacommunitycollege,NORTHWEST IOWA COMMUNITY COLLEGE,Sheldon,IA
1762,southeasterncommunitycollege,SOUTHEASTERN COMMUNITY COLLEGE,West Burlington,IA
1774,universitydubuque,UNIVERSITY OF DUBUQUE,Dubuque,IA
1794,williampennuniversity,WILLIAM PENN UNIVERSITY,Oskaloosa,IA
416,brighamyounguniversityidaho,BRIGHAM YOUNG UNIVERSITY-IDAHO,Rexburg,ID
412,collegeidaho,THE COLLEGE OF IDAHO,Caldwell,ID
415,northwestnazareneuniversity,NORTHWEST NAZARENE UNIVERSITY,Nampa,ID
1057,augustanacollege,AUGUSTANA COLLEGE,Rock Island,IL
1051,depauluniversity,DEPAUL UNIVERSITY,Chicago,IL
1068,elmhurstcollege,ELMHURST COLLEGE,Elmhurst,IL
1080,illinoisinstitutetechnology,ILLINOIS INSTITUTE OF TECHNOLOGY,Chicago,IL
1077,illinoiswesleyanuniversity,ILLINOIS WESLEYAN UNIVERSITY,Bloomington,IL
1088,kendallcollege,KENDALL COLLEGE,,IL
1096,lincolnchristianuniversity,LINCOLN CHRISTIAN UNIVERSITY,Lincoln,IL
1099,macmurraycollege,MACMURRAY COLLEGE,Jacksonville,IL
1103,monmouthcollege,MONMOUTH COLLEGE,Monmouth,IL
1110,northernillinoisuniversity,NORTHERN ILLINOIS UNIVERSITY,Dekalb,IL
1111,northwesternuniversity,NORTHWESTERN UNIVERSITY,Evanston,IL
1113,olivetnazareneuniversity,OLIVET NAZARENE UNIVERSITY,Bourbonnais,IL
1053,resurrectionuniversity,RESURRECTION UNIVERSITY,Chicago,IL
1128,saintaugustinecollege,SAINT AUGUSTINE COLLEGE,Chicago,IL
1134,trinitychristiancollege,TRINITY CHRISTIAN COLLEGE,Palos Heights,IL
2067,andersonuniversity,ANDERSON UNIVERSITY,Anderson,IN
2070,depauwuniversity,DEPAUW UNIVERSITY,Greencastle,IN
2071,earlhamcollege,EARLHAM COLLEGE,Richmond,IN
2075,hanovercollege,HANOVER COLLEGE,Hanover,IN
2076,holycrosscollege,HOLY CROSS COLLEGE,Notre Dame,IN
2077,huntingtonuniversity,HUNTINGTON UNIVERSITY,Huntington,IN
2078,ivytechcommunitycollege,IVY TECH COMMUNITY COLLEGE,Indianapolis,IN
2092,manchesteruniversity,MANCHESTER UNIVERSITY,North Manchester,IN
2093,marianuniversity,MARIAN UNIVERSITY,Indianapolis,IN
2094,oaklandcityuniversity,OAKLAND CITY UNIVERSITY,Oakland City,IN
1914,bakeruniversity,BAKER UNIVERSITY,Baldwin City,KS
1916,bethanycollege,BETHANY COLLEGE,Lindsborg,KS
1908,butlercommunitycollege,BUTLER COMMUNITY COLLEGE,El Dorado,KS
1917,centralchristiancollegekansas,CENTRAL CHRISTIAN COLLEGE OF KANSAS,McPherson,KS
1940,clevelanduniversitykansascity,CLEVELAND UNIVERSITY-KANSAS CITY,Overland Park,KS
1924,friendsuniversity,FRIENDS UNIVERSITY,Wichita,KS
1930,independencecommunitycollege,INDEPENDENCE COMMUNITY COLLEGE,Independence,KS
1934,labettecommunitycollege,LABETTE COMMUNITY COLLEGE,Parsons,KS
1935,mcphersoncollege,MCPHERSON COLLEGE,McPherson,KS
1936,midamericanazareneuniversity,MIDAMERICA NAZARENE UNIVERSITY,Olathe,KS
1943,pittsburgstateuniversity,PITTSBURG STATE UNIVERSITY,Pittsburg,KS
1946,salinaareatechnicalcollege,SALINA AREA TECHNICAL COLLEGE,Salina,KS
1937,sterlingcollege,STERLING COLLEGE,Sterling,KS
1942,taborcollege,TABOR COLLEGE,Hillsboro,KS
2029,alicelloydcollege,ALICE LLOYD COLLEGE,,KY
2039,georgetowncollege,GEORGETOWN COLLEGE,Georgetown,KY
2045,midwayuniversity,MIDWAY UNIVERSITY,Midway,KY
2053,thomasmorecollege,THOMAS MORE COLLEGE,Crestview Hills,KY
2026,transylvaniauniversity,TRANSYLVANIA UNIVERSITY,Lexington,KY
2054,unioncollege,UNION COLLEGE,Barbourville,KY
2038,universitycumberlands,UNIVERSITY OF THE CUMBERLANDS,Williamsburg,KY
206,batonrougecommunitycollege,BATON ROUGE COMMUNITY COLLEGE,Baton Rouge,LA
177,delgadocommunitycollege,DELGADO COMMUNITY COLLEGE,New Orleans,LA
182,gramblingstateuniversity,GRAMBLING STATE UNIVERSITY,Grambling,LA
187,louisianacollege,LOUISIANA COLLEGE,Pineville,LA
186,louisianastateuniversityshreveport,LOUISIANA STATE UNIVERSITY-SHREVEPORT,Shreveport,LA
192,nichollsstateuniversity,NICHOLLS STATE UNIVERSITY,Thibodaux,LA
175,northwestlouisianatechnicalcollege,NORTHWEST LOUISIANA TECHNICAL COLLEGE,Minden,LA
181,nunezcommunitycollege,NUNEZ COMMUNITY COLLEGE,Chalmette,LA
176,riverparishescommunitycollege,RIVER PARISHES COMMUNITY COLLEGE,Gonzales,LA
204,southcentrallouisianatechnicalcollege,SOUTH CENTRAL LOUISIANA TECHNICAL COLLEGE,Morgan City,LA
200,southernuniversityneworleans,SOUTHERN UNIVERSITY AT NEW ORLEANS,New Orleans,LA
194,universityholycross,UNIVERSITY OF HOLY CROSS,New Orleans,LA
203,xavieruniversitylouisiana,XAVIER UNIVERSITY OF LOUISIANA,New Orleans,LA
1517,americaninternationalcollege,AMERICAN INTERNATIONAL COLLEGE,Springfield,MA
1520,assumptioncollege,ASSUMPTION COLLEGE,Worcester,MA
1521,babsoncollege,BABSON COLLEGE,Babson Park,MA
1528,baypathuniversity,BAY PATH UNIVERSITY,Longmeadow,MA
1510,baystatecollege,BAY STATE COLLEGE,Boston,MA
1509,beckercollege,BECKER COLLEGE,Worcester,MA
1539,benjaminfranklininstitutetechnology,BENJAMIN FRANKLIN INSTITUTE OF TECHNOLOGY,Boston,MA
1507,bostoncollege,BOSTON COLLEGE,Chestnut Hill,MA
1532,bunkerhillcommunitycollege,BUNKER HILL COMMUNITY COLLEGE,Boston,MA
1544,collegeholycross,COLLEGE OF THE HOLY CROSS,Worcester,MA
1535,currycollege,CURRY COLLEGE,Milton,MA
1524,easternnazarenecollege,EASTERN NAZARENE COLLEGE,Quincy,MA
1525,endicottcollege,ENDICOTT COLLEGE,Beverly,MA
1526,fishercollege,FISHER COLLEGE,Boston,MA
1586,franklinwolincollegeengineering,FRANKLIN W OLIN COLLEGE OF ENGINEERING,Needham,MA
1542,hampshirecollege,HAMPSHIRE COLLEGE,Amherst,MA
1546,lasellcollege,LASELL COLLEGE,Newton,MA
1557,merrimackcollege,MERRIMACK COLLEGE,North Andover,MA
1561,newburycollege,NEWBURY COLLEGE,Brookline,MA
1562,nicholscollege,NICHOLS COLLEGE,Dudley,MA
1506,northshorecommunitycollege,NORTH SHORE COMMUNITY COLLEGE,Danvers,MA
1566,quincycollege,QUINCY COLLEGE,Quincy,MA
1572,springfieldcollege,SPRINGFIELD COLLEGE,Springfield,MA
1574,stonehillcollege,STONEHILL COLLEGE,Easton,MA
1575,suffolkuniversity,SUFFOLK UNIVERSITY,Boston,MA
1548,universitymassachusettslowell,UNIVERSITY OF MASSACHUSETTS-LOWELL,Lowell,MA
1515,urbancollegeboston,URBAN COLLEGE OF BOSTON,Boston,MA
1577,wellesleycollege,WELLESLEY COLLEGE,Wellesley,MA
1579,westernnewenglanduniversity,WESTERN NEW ENGLAND UNIVERSITY,Springfield,MA
1580,westfieldstateuniversity,WESTFIELD STATE UNIVERSITY,Westfield,MA
1581,wheatoncollege,WHEATON COLLEGE,Norton,MA
1582,wheelockcollege,WHEELOCK COLLEGE,Boston,MA
140,baltimorecitycommunitycollege,BALTIMORE CITY COMMUNITY COLLEGE,Baltimore,MD
142,bowiestateuniversity,BOWIE STATE UNIVERSITY,Bowie,MD
143,cecilcollege,CECIL COLLEGE,North East,MD
137,coppinstateuniversity,COPPIN STATE UNIVERSITY,Baltimore,MD
147,frederickcommunitycollege,FREDERICK COMMUNITY COLLEGE,Frederick,MD
148,frostburgstateuniversity,FROSTBURG STATE UNIVERSITY,Frostburg,MD
150,gouchercollege,GOUCHER COLLEGE,Baltimore,MD
151,hagerstowncommunitycollege,HAGERSTOWN COMMUNITY COLLEGE,Hagerstown,MD
153,hoodcollege,HOOD COLLEGE,Frederick,MD
154,howardcommunitycollege,HOWARD COMMUNITY COLLEGE,Columbia,MD
155,johnshopkinsuniversity,JOHNS HOPKINS UNIVERSITY,Baltimore,MD
156,loyolauniversitymaryland,LOYOLA UNIVERSITY MARYLAND,Baltimore,MD
135,montgomerycollege,MONTGOMERY COLLEGE,Rockville,MD
163,mountstmarysuniversity,MOUNT ST. MARY'S UNIVERSITY,Emmitsburg,MD
171,stevensonuniversity,STEVENSON UNIVERSITY,Stevenson,MD
161,universitymarylandeasternshore,UNIVERSITY OF MARYLAND EASTERN SHORE,,MD
136,universitymarylanduniversitycollege,UNIVERSITY OF MARYLAND-UNIVERSITY COLLEGE,Adelphi,MD
173,worwiccommunitycollege,WOR-WIC COMMUNITY COLLEGE,Salisbury,MD
2249,mainemaritimeacademy,MAINE MARITIME ACADEMY,Castine,ME
2240,saintjosephscollegemaine,SAINT JOSEPH'S COLLEGE OF MAINE,Standish,ME
2254,thomascollege,THOMAS COLLEGE,Waterville,ME
2255,unitycollege,UNITY COLLEGE,Unity,ME
1818,calvincollege,CALVIN COLLEGE,Grand Rapids,MI
1821,clearyuniversity,CLEARY UNIVERSITY,Howell,MI
1820,cornerstoneuniversity,CORNERSTONE UNIVERSITY,Grand Rapids,MI
1805,davenportuniversity,DAVENPORT UNIVERSITY,Grand Rapids,MI
1826,glenoakscommunitycollege,GLEN OAKS COMMUNITY COLLEGE,Centreville,MI
1863,hillsdalecollege,HILLSDALE COLLEGE,,MI
1831,jacksoncollege,JACKSON COLLEGE,Jackson,MI
1832,kalamazoocollege,KALAMAZOO COLLEGE,Kalamazoo,MI
1806,kalamazoovalleycommunitycollege,KALAMAZOO VALLEY COMMUNITY COLLEGE,Kalamazoo,MI
1835,lakemichigancollege,LAKE MICHIGAN COLLEGE,Benton Harbor,MI
1810,macombcommunitycollege,MACOMB COMMUNITY COLLEGE,Warren,MI
1838,marygrovecollege,MARYGROVE COLLEGE,Detroit,MI
1843,michigantechnologicaluniversity,MICHIGAN TECHNOLOGICAL UNIVERSITY,Houghton,MI
1848,montcalmcommunitycollege,MONTCALM COMMUNITY COLLEGE,Sidney,MI
1849,northwooduniversity,NORTHWOOD UNIVERSITY,Midland,MI
1851,olivetcollege,OLIVET COLLEGE,Olivet,MI
1839,rochestercollege,ROCHESTER COLLEGE,Rochester Hills,MI
1852,saginawvalleystateuniversity,SAGINAW VALLEY STATE UNIVERSITY,University Center,MI
1854,stclaircountycommunitycollege,ST CLAIR COUNTY COMMUNITY COLLEGE,Port Huron,MI
1859,washtenawcommunitycollege,WASHTENAW COMMUNITY COLLEGE,Ann Arbor,MI
1801,waynecountycommunitycollegedistrict,WAYNE COUNTY COMMUNITY COLLEGE DISTRICT,Detroit,MI
1800,westshorecommunitycollege,WEST SHORE COMMUNITY COLLEGE,Scottville,MI
1252,alexandriatechnicalcommunitycollege,ALEXANDRIA TECHNICAL &amp; COMMUNITY COLLEGE,Alexandria,MN
1254,anokaramseycommunitycollege,ANOKA-RAMSEY COMMUNITY COLLEGE,Coon Rapids,MN
1307,anokaramseycommunitycollegecambridge,ANOKA-RAMSEY COMMUNITY COLLEGE - CAMBRIDGE,,MN
1253,anokatechnicalcollege,ANOKA TECHNICAL COLLEGE,Anoka,MN
1258,bemidjistateuniversity,BEMIDJI STATE UNIVERSITY,Bemidji,MN
1301,capellauniversity,CAPELLA UNIVERSITY,Minneapolis,MN
1251,centrallakescollegebrainerd,CENTRAL LAKES COLLEGE-BRAINERD,Brainerd,MN
1306,centrallakescollegebrainerdstaplescampus,CENTRAL LAKES COLLEGE-BRAINERD - STAPLES CAMPUS,,MN
1299,centurycollege,CENTURY COLLEGE,White Bear Lake,MN
1293,collegesaintscholastica,THE COLLEGE OF SAINT SCHOLASTICA,,MN
1292,crowncollege,CROWN COLLEGE,Saint Bonifacius,MN
1264,dakotacountytechnicalcollege,DAKOTA COUNTY TECHNICAL COLLEGE,Rosemount,MN
1300,fonddulactribalcommunitycollege,FOND DU LAC TRIBAL AND COMMUNITY COLLEGE,Cloquet,MN
1269,hennepintechnicalcollege,HENNEPIN TECHNICAL COLLEGE,Brooklyn Park,MN
1270,hibbingcommunitycollege,HIBBING COMMUNITY COLLEGE,Hibbing,MN
1271,inverhillscommunitycollege,INVER HILLS COMMUNITY COLLEGE,Inver Grove Heights,MN
1272,itascacommunitycollege,ITASCA COMMUNITY COLLEGE,Grand Rapids,MN
1265,lakesuperiorcollege,LAKE SUPERIOR COLLEGE,Duluth,MN
1275,mesabirangecollege,MESABI RANGE COLLEGE,Virginia,MN
1313,mesabirangecommunitytechnicalcollegeevelethcampus,MESABI RANGE COMMUNITY AND TECHNICAL COLLEGE - EVELETH CAMPUS,,MN
1242,metropolitanstateuniversity,METROPOLITAN STATE UNIVERSITY,Saint Paul,MN
1297,minnesotastatecollegesoutheast,MINNESOTA STATE COLLEGE SOUTHEAST,Winona,MN
1266,minnesotastatecommunitytechnicalcollege,MINNESOTA STATE COMMUNITY AND TECHNICAL COLLEGE,Fergus Falls,MN
1303,minnesotastatecommunitytechnicalcollegedetroitlakescampus,MINNESOTA STATE COMMUNITY AND TECHNICAL COLLEGE - DETROIT LAKES CAMPUS,,MN
1310,minnesotastatecommunitytechnicalcollegemoorheadcampus,MINNESOTA STATE COMMUNITY AND TECHNICAL COLLEGE - MOORHEAD CAMPUS,,MN
1311,minnesotastatecommunitytechnicalcollegewadena,MINNESOTA STATE COMMUNITY AND TECHNICAL COLLEGE - WADENA,,MN
1274,minnesotastateuniversitymankato,MINNESOTA STATE UNIVERSITY-MANKATO,Mankato,MN
1279,minnesotastateuniversitymoorhead,MINNESOTA STATE UNIVERSITY MOORHEAD,Moorhead,MN
1244,minnesotawestcommunitytechnicalcollege,MINNESOTA WEST COMMUNITY AND TECHNICAL COLLEGE,Granite Falls,MN
1312,minnesotawestcommunitytechnicalcollegejacksoncampus,MINNESOTA WEST COMMUNITY AND TECHNICAL COLLEGE - JACKSON CAMPUS,,MN
1305,minnesotawestcommunitytechnicalcollegepipestonecampus,MINNESOTA WEST COMMUNITY AND TECHNICAL COLLEGE - PIPESTONE CAMPUS,,MN
1281,normandalecommunitycollege,NORMANDALE COMMUNITY COLLEGE,Bloomington,MN
1282,northcentraluniversity,NORTH CENTRAL UNIVERSITY,Minneapolis,MN
1280,northhennepincommunitycollege,NORTH HENNEPIN COMMUNITY COLLEGE,Brooklyn Park,MN
1283,northlandcommunitytechnicalcollege,NORTHLAND COMMUNITY AND TECHNICAL COLLEGE,Thief River Falls,MN
1257,northwesttechnicalcollege,NORTHWEST TECHNICAL COLLEGE,Bemidji,MN
1287,pinetechnicalcommunitycollege,PINE TECHNICAL &amp; COMMUNITY COLLEGE,Pine City,MN
1249,redlakenationcollege,RED LAKE NATION COLLEGE,Red Lake,MN
1296,ridgewatercollege,RIDGEWATER COLLEGE,Willmar,MN
1314,ridgewatercollegehutchinsoncampus,RIDGEWATER COLLEGE - HUTCHINSON CAMPUS,,MN
1256,riverlandcommunitycollege,RIVERLAND COMMUNITY COLLEGE,Austin,MN
1308,riverlandcommunitycollegealbertlea,RIVERLAND COMMUNITY COLLEGE - ALBERT LEA,,MN
1309,riverlandcommunitycollegeowatonnacampus,RIVERLAND COMMUNITY COLLEGE - OWATONNA CAMPUS,,MN
1288,rochestercommunitytechnicalcollege,ROCHESTER COMMUNITY AND TECHNICAL COLLEGE,Rochester,MN
1295,saintpaulcollege,SAINT PAUL COLLEGE,,MN
1245,southcentralcollege,SOUTH CENTRAL COLLEGE,North Mankato,MN
1304,southcentralcollegefaribaultcampus,SOUTH CENTRAL COLLEGE - FARIBAULT CAMPUS,,MN
1284,southwestminnesotastateuniversity,SOUTHWEST MINNESOTA STATE UNIVERSITY,Marshall,MN
1290,stcloudtechnicalcommunitycollege,ST CLOUD TECHNICAL AND COMMUNITY COLLEGE,Saint Cloud,MN
1291,stolafcollege,ST OLAF COLLEGE,Northfield,MN
1285,vermilioncommunitycollege,VERMILION COMMUNITY COLLEGE,Ely,MN
1250,waldenuniversity,WALDEN UNIVERSITY,Minneapolis,MN
1298,winonastateuniversity,WINONA STATE UNIVERSITY,Winona,MN
1204,avilauniversity,AVILA UNIVERSITY,Kansas City,MO
1213,barnesjewishcollegegoldfarbschoolnursing,BARNES-JEWISH COLLEGE GOLDFARB SCHOOL OF NURSING,Saint Louis,MO
1205,coxcollege,COX COLLEGE,Springfield,MO
1209,evangeluniversity,EVANGEL UNIVERSITY,Springfield,MO
1211,hanniballagrangeuniversity,HANNIBAL-LAGRANGE UNIVERSITY,Hannibal,MO
1212,harrisstowestateuniversity,HARRIS-STOWE STATE UNIVERSITY,Saint Louis,MO
1190,maryvilleuniversitysaintlouis,MARYVILLE UNIVERSITY OF SAINT LOUIS,Saint Louis,MO
1219,missouribaptistuniversity,MISSOURI BAPTIST UNIVERSITY,Saint Louis,MO
1195,ozarkstechnicalcommunitycollege,OZARKS TECHNICAL COMMUNITY COLLEGE,Springfield,MO
1240,saintlouiscommunitycollegeforestparkcampus,SAINT LOUIS COMMUNITY COLLEGE - FOREST PARK CAMPUS,,MO
1241,saintlouiscommunitycollegemerameccampus,SAINT LOUIS COMMUNITY COLLEGE - MERAMEC CAMPUS,,MO
1194,saintlouisuniversity,SAINT LOUIS UNIVERSITY,Saint Louis,MO
1232,stephenscollege,STEPHENS COLLEGE,Columbia,MO
1238,williamjewellcollege,WILLIAM JEWELL COLLEGE,Liberty,MO
1587,blackfeetcommunitycollege,BLACKFEET COMMUNITY COLLEGE,Browning,MT
1589,carrollcollege,CARROLL COLLEGE,Helena,MT
1594,milescommunitycollege,MILES COMMUNITY COLLEGE,Miles City,MT
1596,montanastateuniversity,MONTANA STATE UNIVERSITY,Bozeman,MT
1598,montanastateuniversitynorthern,MONTANA STATE UNIVERSITY-NORTHERN,Havre,MT
1600,salishkootenaicollege,SALISH KOOTENAI COLLEGE,Pablo,MT
1588,stonechildcollege,STONE CHILD COLLEGE,Box Elder,MT
1597,universitymontana,THE UNIVERSITY OF MONTANA,Missoula,MT
329,alamancecommunitycollege,ALAMANCE COMMUNITY COLLEGE,Graham,NC
246,beaufortcountycommunitycollege,BEAUFORT COUNTY COMMUNITY COLLEGE,Washington,NC
247,belmontabbeycollege,BELMONT ABBEY COLLEGE,Belmont,NC
248,bennettcollege,BENNETT COLLEGE,Greensboro,NC
249,bladencommunitycollege,BLADEN COMMUNITY COLLEGE,Dublin,NC
240,blueridgecommunitycollege,BLUE RIDGE COMMUNITY COLLEGE,Flat Rock,NC
257,centralcarolinacommunitycollege,CENTRAL CAROLINA COMMUNITY COLLEGE,Sanford,NC
258,centralpiedmontcommunitycollege,CENTRAL PIEDMONT COMMUNITY COLLEGE,Charlotte,NC
260,clevelandcommunitycollege,CLEVELAND COMMUNITY COLLEGE,Shelby,NC
265,dukeuniversity,DUKE UNIVERSITY,Durham,NC
268,edgecombecommunitycollege,EDGECOMBE COMMUNITY COLLEGE,Tarboro,NC
274,gardnerwebbuniversity,GARDNER-WEBB UNIVERSITY,Boiling Springs,NC
275,gastoncollege,GASTON COLLEGE,Dallas,NC
277,guilfordcollege,GUILFORD COLLEGE,Greensboro,NC
279,halifaxcommunitycollege,HALIFAX COMMUNITY COLLEGE,Weldon,NC
281,highpointuniversity,HIGH POINT UNIVERSITY,High Point,NC
283,jamesspruntcommunitycollege,JAMES SPRUNT COMMUNITY COLLEGE,Kenansville,NC
285,johnstoncommunitycollege,JOHNSTON COMMUNITY COLLEGE,Smithfield,NC
290,louisburgcollege,LOUISBURG COLLEGE,Louisburg,NC
291,marshilluniversity,MARS HILL UNIVERSITY,Mars Hill,NC
292,maylandcommunitycollege,MAYLAND COMMUNITY COLLEGE,Spruce Pine,NC
297,montgomerycommunitycollege,MONTGOMERY COMMUNITY COLLEGE,Troy,NC
298,montreatcollege,MONTREAT COLLEGE,Montreat,NC
300,nashcommunitycollege,NASH COMMUNITY COLLEGE,Rocky Mount,NC
307,northcarolinawesleyancollege,NORTH CAROLINA WESLEYAN COLLEGE,Rocky Mount,NC
309,pamlicocommunitycollege,PAMLICO COMMUNITY COLLEGE,Grantsboro,NC
313,piedmontcommunitycollege,PIEDMONT COMMUNITY COLLEGE,Roxboro,NC
314,pittcommunitycollege,PITT COMMUNITY COLLEGE,Winterville,NC
244,randolphcommunitycollege,RANDOLPH COMMUNITY COLLEGE,Asheboro,NC
316,richmondcommunitycollege,RICHMOND COMMUNITY COLLEGE,Hamlet,NC
317,roanokechowancommunitycollege,ROANOKE-CHOWAN COMMUNITY COLLEGE,Ahoskie,NC
318,robesoncommunitycollege,ROBESON COMMUNITY COLLEGE,Lumberton,NC
319,rockinghamcommunitycollege,ROCKINGHAM COMMUNITY COLLEGE,Wentworth,NC
321,saintaugustinesuniversity,SAINT AUGUSTINE'S UNIVERSITY,Raleigh,NC
323,sampsoncommunitycollege,SAMPSON COMMUNITY COLLEGE,Clinton,NC
324,sandhillscommunitycollege,SANDHILLS COMMUNITY COLLEGE,Pinehurst,NC
325,shawuniversity,SHAW UNIVERSITY,Raleigh,NC
327,southeasternbaptisttheologicalseminary,SOUTHEASTERN BAPTIST THEOLOGICAL SEMINARY,Wake Forest,NC
299,universitymountolive,UNIVERSITY OF MOUNT OLIVE,Mount Olive,NC
341,vancegranvillecommunitycollege,VANCE-GRANVILLE COMMUNITY COLLEGE,Henderson,NC
334,waynecommunitycollege,WAYNE COMMUNITY COLLEGE,Goldsboro,NC
310,williampeaceuniversity,WILLIAM PEACE UNIVERSITY,Raleigh,NC
338,wingateuniversity,WINGATE UNIVERSITY,Wingate,NC
1339,minotstateuniversity,MINOT STATE UNIVERSITY,Minot,ND
1345,turtlemountaincommunitycollege,TURTLE MOUNTAIN COMMUNITY COLLEGE,Belcourt,ND
1333,universityjamestown,UNIVERSITY OF JAMESTOWN,Jamestown,ND
1470,clarksoncollege,CLARKSON COLLEGE,Omaha,NE
1473,concordiauniversitynebraska,CONCORDIA UNIVERSITY-NEBRASKA,Seward,NE
1475,doaneuniversityartssciences,DOANE UNIVERSITY-ARTS &amp; SCIENCES,Crete,NE
1493,metropolitancommunitycollegeareasouthomahacampus,METROPOLITAN COMMUNITY COLLEGE AREA - SOUTH OMAHA CAMPUS,Omaha,NE
1490,southeastcommunitycollegeareabeatricecampus,SOUTHEAST COMMUNITY COLLEGE AREA - BEATRICE CAMPUS,,NE
1492,southeastcommunitycollegeareaeducationsquarecampus,SOUTHEAST COMMUNITY COLLEGE AREA - EDUCATION SQUARE CAMPUS,Lincoln,NE
1491,southeastcommunitycollegeareamilfordcampus,SOUTHEAST COMMUNITY COLLEGE AREA - MILFORD CAMPUS,,NE
1494,westernnebraskacommunitycollegesidneycampus,WESTERN NEBRASKA COMMUNITY COLLEGE - SIDNEY CAMPUS,,NE
1489,yorkcollege,YORK COLLEGE,York,NE
1332,antiochuniversitynewengland,ANTIOCH UNIVERSITY-NEW ENGLAND,,NH
1320,colbysawyercollege,COLBY-SAWYER COLLEGE,New London,NH
1321,franklinpierceuniversity,FRANKLIN PIERCE UNIVERSITY,Rindge,NH
1318,greatbaycommunitycollege,GREAT BAY COMMUNITY COLLEGE,Portsmouth,NH
1328,lakesregioncommunitycollege,LAKES REGION COMMUNITY COLLEGE,Laconia,NH
1329,nashuacommunitycollege,NASHUA COMMUNITY COLLEGE,Nashua,NH
1327,nhticoncordscommunitycollege,NHTI-CONCORD'S COMMUNITY COLLEGE,Concord,NH
1315,rivervalleycommunitycollege,RIVER VALLEY COMMUNITY COLLEGE,Claremont,NH
1330,rivieruniversity,RIVIER UNIVERSITY,Nashua,NH
1331,saintanselmcollege,SAINT ANSELM COLLEGE,Manchester,NH
1316,whitemountainscommunitycollege,WHITE MOUNTAINS COMMUNITY COLLEGE,Berlin,NH
1688,mesalandscommunitycollege,MESALANDS COMMUNITY COLLEGE,Tucumcari,NM
1671,navajotechnicaluniversity,NAVAJO TECHNICAL UNIVERSITY,Crownpoint,NM
1676,newmexicojuniorcollege,NEW MEXICO JUNIOR COLLEGE,Hobbs,NM
1686,northernnewmexicocollege,NORTHERN NEW MEXICO COLLEGE,Espanola,NM
1691,southwesternindianpolytechnicinstitute,SOUTHWESTERN INDIAN POLYTECHNIC INSTITUTE,Albuquerque,NM
1687,universitysouthwest,UNIVERSITY OF THE SOUTHWEST,Hobbs,NM
1689,westernnewmexicouniversity,WESTERN NEW MEXICO UNIVERSITY,Silver City,NM
980,northwestcareercollege,NORTHWEST CAREER COLLEGE,,NV
975,sierranevadacollege,SIERRA NEVADA COLLEGE,Incline Village,NV
979,tourouniversitynevada,TOURO UNIVERSITY NEVADA,Henderson,NV
868,adirondackcommunitycollege,ADIRONDACK COMMUNITY COLLEGE,Queensbury,NY
918,bardcollege,BARD COLLEGE,Annandale-On-Hudson,NY
935,boricuacollege,BORICUA COLLEGE,New York,NY
929,collegemountsaintvincent,COLLEGE OF MOUNT SAINT VINCENT,Bronx,NY
961,collegenewrochelle,THE COLLEGE OF NEW ROCHELLE,,NY
922,columbiauniversitycitynewyork,COLUMBIA UNIVERSITY IN THE CITY OF NEW YORK,New York,NY
965,concordiacollegenewyork,CONCORDIA COLLEGE-NEW YORK,Bronxville,NY
852,cornelluniversity,CORNELL UNIVERSITY,Ithaca,NY
917,daemencollege,DAEMEN COLLEGE,Amherst,NY
901,dominicancollegeblauvelt,DOMINICAN COLLEGE OF BLAUVELT,Orangeburg,NY
954,elmiracollege,ELMIRA COLLEGE,Elmira,NY
914,excelsiorcollege,EXCELSIOR COLLEGE,Albany,NY
844,fingerlakescommunitycollege,FINGER LAKES COMMUNITY COLLEGE,Canandaigua,NY
881,hamiltoncollege,HAMILTON COLLEGE,Clinton,NY
936,hilbertcollege,HILBERT COLLEGE,Hamburg,NY
902,houghtoncollege,HOUGHTON COLLEGE,Houghton,NY
888,ithacacollege,ITHACA COLLEGE,Ithaca,NY
863,jewishtheologicalseminaryamerica,JEWISH THEOLOGICAL SEMINARY OF AMERICA,,NY
919,juilliardschool,THE JUILLIARD SCHOOL,New York,NY
854,kingscollege,THE KING'S COLLEGE,,NY
957,lemoynecollege,LE MOYNE COLLEGE,Syracuse,NY
928,marymountmanhattancollege,MARYMOUNT MANHATTAN COLLEGE,New York,NY
850,medaillecollege,MEDAILLE COLLEGE,Buffalo,NY
958,mildredelleyschoolalbanycampus,MILDRED ELLEY SCHOOL-ALBANY CAMPUS,Albany,NY
851,monroecollege,MONROE COLLEGE,Bronx,NY
970,monroecollegenewrochellecampus,MONROE COLLEGE - NEW ROCHELLE CAMPUS,,NY
906,niagarauniversity,NIAGARA UNIVERSITY,Niagara University,NY
907,nyackcollege,NYACK COLLEGE,Nyack,NY
838,paceuniversity,PACE UNIVERSITY,New York,NY
968,paceuniversitynewyorkpleasantvillecampus,PACE UNIVERSITY-NEW YORK - PLEASANTVILLE CAMPUS,,NY
969,paceuniversitynewyorkschoollawcampus,PACE UNIVERSITY-NEW YORK - SCHOOL OF LAW CAMPUS,,NY
924,robertswesleyancollege,ROBERTS WESLEYAN COLLEGE,Rochester,NY
939,stellacharlesguttmancommunitycollege,STELLA AND CHARLES GUTTMAN COMMUNITY COLLEGE,New York,NY
937,sunycollegebrockport,SUNY COLLEGE AT BROCKPORT,Brockport,NY
909,universityrochester,UNIVERSITY OF ROCHESTER,Rochester,NY
955,wellscollege,WELLS COLLEGE,Aurora,NY
467,ashlanduniversity,ASHLAND UNIVERSITY,Ashland,OH
436,belmontcollege,BELMONT COLLEGE,St Clairsville,OH
504,blufftonuniversity,BLUFFTON UNIVERSITY,Bluffton,OH
437,centralohiotechnicalcollege,CENTRAL OHIO TECHNICAL COLLEGE,Newark,OH
508,centralstateuniversity,CENTRAL STATE UNIVERSITY,Wilberforce,OH
516,cincinnatichristianuniversity,CINCINNATI CHRISTIAN UNIVERSITY,Cincinnati,OH
472,clarkstatecommunitycollege,CLARK STATE COMMUNITY COLLEGE,Springfield,OH
499,clevelandstateuniversity,CLEVELAND STATE UNIVERSITY,Cleveland,OH
488,defiancecollege,DEFIANCE COLLEGE,Defiance,OH
487,franciscanuniversitysteubenville,FRANCISCAN UNIVERSITY OF STEUBENVILLE,Steubenville,OH
456,franklinuniversity,FRANKLIN UNIVERSITY,Columbus,OH
502,herzinguniversityakron,HERZING UNIVERSITY-AKRON,Akron,OH
454,jamesarhodesstatecollege,JAMES A RHODES STATE COLLEGE,Lima,OH
510,kenyoncollege,KENYON COLLEGE,Gambier,OH
511,lakeeriecollege,LAKE ERIE COLLEGE,Painesville,OH
440,lakelandcommunitycollege,LAKELAND COMMUNITY COLLEGE,Kirtland,OH
460,lourdesuniversity,LOURDES UNIVERSITY,Sylvania,OH
477,muskingumuniversity,MUSKINGUM UNIVERSITY,New Concord,OH
490,northweststatecommunitycollege,NORTHWEST STATE COMMUNITY COLLEGE,Archbold,OH
515,oberlincollege,OBERLIN COLLEGE,Oberlin,OH
451,ohiochristianuniversity,OHIO CHRISTIAN UNIVERSITY,Circleville,OH
512,ohiodominicanuniversity,OHIO DOMINICAN UNIVERSITY,Columbus,OH
520,ohiowesleyanuniversity,OHIO WESLEYAN UNIVERSITY,Delaware,OH
492,tiffinuniversity,TIFFIN UNIVERSITY,Tiffin,OH
501,universitynorthwesternohio,UNIVERSITY OF NORTHWESTERN OHIO,Lima,OH
453,universityriogrande,UNIVERSITY OF RIO GRANDE,Rio Grande,OH
444,universitytoledo,UNIVERSITY OF TOLEDO,Toledo,OH
470,urbanauniversity,URBANA UNIVERSITY,Urbana,OH
524,ursulinecollege,URSULINE COLLEGE,Pepper Pike,OH
465,washingtonstatecommunitycollege,WASHINGTON STATE COMMUNITY COLLEGE,Marietta,OH
445,wilberforceuniversity,WILBERFORCE UNIVERSITY,Wilberforce,OH
1606,baconecollege,BACONE COLLEGE,Muskogee,OK
1603,collegemuscogeenation,COLLEGE OF THE MUSCOGEE NATION,Okmulgee,OK
1638,communitycarecollege,COMMUNITY CARE COLLEGE,Tulsa,OK
1615,langstonuniversity,LANGSTON UNIVERSITY,Langston,OK
1622,oklahomabaptistuniversity,OKLAHOMA BAPTIST UNIVERSITY,Shawnee,OK
1633,southwesternchristianuniversity,SOUTHWESTERN CHRISTIAN UNIVERSITY,Bethany,OK
1625,universityoklahomanormancampus,UNIVERSITY OF OKLAHOMA-NORMAN CAMPUS,Norman,OK
10,albrightcollege,ALBRIGHT COLLEGE,Reading,PA
19,brynmawrcollege,BRYN MAWR COLLEGE,Bryn Mawr,PA
23,cabriniuniversity,CABRINI UNIVERSITY,Radnor,PA
85,cairnuniversitylanghorne,CAIRN UNIVERSITY-LANGHORNE,Langhorne,PA
30,chestnuthillcollege,CHESTNUT HILL COLLEGE,Philadelphia,PA
15,clarkssummituniversity,CLARKS SUMMIT UNIVERSITY,South Abington Township,PA
16,communitycollegebeavercounty,COMMUNITY COLLEGE OF BEAVER COUNTY,Monaca,PA
45,gwyneddmercyuniversity,GWYNEDD MERCY UNIVERSITY,Gwynedd Valley,PA
115,harrisburguniversitysciencetechnology,HARRISBURG UNIVERSITY OF SCIENCE AND TECHNOLOGY,Harrisburg,PA
5,haverfordcollege,HAVERFORD COLLEGE,Haverford,PA
39,juniatacollege,JUNIATA COLLEGE,Huntingdon,PA
40,keystonecollege,KEYSTONE COLLEGE,La Plume,PA
55,lancasterbiblecollege,LANCASTER BIBLE COLLEGE,Lancaster,PA
52,larocheuniversity,LA ROCHE UNIVERSITY,Pittsburgh,PA
56,lebanonvalleycollege,LEBANON VALLEY COLLEGE,Annville,PA
57,lehighcarboncommunitycollege,LEHIGH CARBON COMMUNITY COLLEGE,Schnecksville,PA
58,lehighuniversity,LEHIGH UNIVERSITY,Bethlehem,PA
65,marywooduniversity,MARYWOOD UNIVERSITY,Scranton,PA
67,messiahcollege,MESSIAH COLLEGE,Mechanicsburg,PA
1,montgomerycountycommunitycollege,MONTGOMERY COUNTY COMMUNITY COLLEGE,Blue Bell,PA
71,mountaloysiuscollege,MOUNT ALOYSIUS COLLEGE,Cresson,PA
72,muhlenbergcollege,MUHLENBERG COLLEGE,Allentown,PA
80,pennsylvaniastateuniversitymaincampus,PENNSYLVANIA STATE UNIVERSITY-MAIN CAMPUS,University Park,PA
81,pennsylvaniastateuniversitypennstateabington,PENNSYLVANIA STATE UNIVERSITY-PENN STATE ABINGTON,Abington,PA
76,pennsylvaniastateuniversitypennstatealtoona,PENNSYLVANIA STATE UNIVERSITY-PENN STATE ALTOONA,,PA
77,pennsylvaniastateuniversitypennstateberks,PENNSYLVANIA STATE UNIVERSITY-PENN STATE BERKS,,PA
79,pennsylvaniastateuniversitypennstatebrandywine,PENNSYLVANIA STATE UNIVERSITY-PENN STATE BRANDYWINE,,PA
74,pennsylvaniastateuniversitypennstateeriebehrendcollege,PENNSYLVANIA STATE UNIVERSITY-PENN STATE ERIE-BEHREND COLLEGE,,PA
75,pennsylvaniastateuniversitypennstategreatvalley,PENNSYLVANIA STATE UNIVERSITY-PENN STATE GREAT VALLEY,,PA
78,pennsylvaniastateuniversitypennstateharrisburg,PENNSYLVANIA STATE UNIVERSITY-PENN STATE HARRISBURG,,PA
82,pennsylvaniastateuniversitypennstateschuylkill,PENNSYLVANIA STATE UNIVERSITY-PENN STATE SCHUYLKILL,,PA
89,rosemontcollege,ROSEMONT COLLEGE,Rosemont,PA
90,saintfrancisuniversity,SAINT FRANCIS UNIVERSITY,Loretto,PA
91,saintjosephsuniversity,SAINT JOSEPH'S UNIVERSITY,Philadelphia,PA
92,saintvincentcollege,SAINT VINCENT COLLEGE,Latrobe,PA
94,setonhilluniversity,SETON HILL UNIVERSITY,Greensburg,PA
98,thaddeusstevenscollegetechnology,THADDEUS STEVENS COLLEGE OF TECHNOLOGY,Lancaster,PA
105,washingtonjeffersoncollege,WASHINGTON &amp; JEFFERSON COLLEGE,Washington,PA
111,yorkcollegepennsylvania,YORK COLLEGE OF PENNSYLVANIA,York,PA
112,yticareerinstituteyork,YTI CAREER INSTITUTE-YORK,York,PA
2022,communitycollegerhodeisland,COMMUNITY COLLEGE OF RHODE ISLAND,Warwick,RI
592,allenuniversity,ALLEN UNIVERSITY,Columbia,SC
595,benedictcollege,BENEDICT COLLEGE,Columbia,SC
593,charlestonsouthernuniversity,CHARLESTON SOUTHERN UNIVERSITY,Charleston,SC
600,claflinuniversity,CLAFLIN UNIVERSITY,Orangeburg,SC
603,cokercollege,COKER COLLEGE,Hartsville,SC
605,conversecollege,CONVERSE COLLEGE,Spartanburg,SC
612,limestonecollege,LIMESTONE COLLEGE,Gaffney,SC
636,southernwesleyanuniversity,SOUTHERN WESLEYAN UNIVERSITY,Central,SC
630,winthropuniversity,WINTHROP UNIVERSITY,Rock Hill,SC
1380,augustanauniversity,AUGUSTANA UNIVERSITY,Sioux Falls,SD
1381,blackhillsstateuniversity,BLACK HILLS STATE UNIVERSITY,Spearfish,SD
1383,dakotawesleyanuniversity,DAKOTA WESLEYAN UNIVERSITY,Mitchell,SD
1384,lakeareatechnicalinstitute,LAKE AREA TECHNICAL INSTITUTE,Watertown,SD
1385,mitchelltechnicalinstitute,MITCHELL TECHNICAL INSTITUTE,Mitchell,SD
1386,oglalalakotacollege,OGLALA LAKOTA COLLEGE,Kyle,SD
1387,presentationcollege,PRESENTATION COLLEGE,Aberdeen,SD
1389,sintegleskauniversity,SINTE GLESKA UNIVERSITY,Mission,SD
1378,sissetonwahpetoncollege,SISSETON WAHPETON COLLEGE,Sisseton,SD
1388,southdakotastateuniversity,SOUTH DAKOTA STATE UNIVERSITY,Brookings,SD
1391,southeasttechnicalinstitute,SOUTHEAST TECHNICAL INSTITUTE,Sioux Falls,SD
1390,universitysiouxfalls,UNIVERSITY OF SIOUX FALLS,Sioux Falls,SD
1393,westerndakotatechnicalinstitute,WESTERN DAKOTA TECHNICAL INSTITUTE,Rapid City,SD
1872,bryancollegedayton,BRYAN COLLEGE-DAYTON,Dayton,TN
1880,fiskuniversity,FISK UNIVERSITY,Nashville,TN
1881,freedhardemanuniversity,FREED-HARDEMAN UNIVERSITY,,TN
1904,lincolnmemorialuniversity,LINCOLN MEMORIAL UNIVERSITY,Harrogate,TN
1878,lipscombuniversity,LIPSCOMB UNIVERSITY,Nashville,TN
1905,milligancollege,MILLIGAN COLLEGE,Milligan College,TN
1891,rhodescollege,RHODES COLLEGE,Memphis,TN
1895,tennesseewesleyanuniversity,TENNESSEE WESLEYAN UNIVERSITY,Athens,TN
1899,treveccanazareneuniversity,TREVECCA NAZARENE UNIVERSITY,Nashville,TN
1901,unionuniversity,UNION UNIVERSITY,Jackson,TN
1869,welchcollege,WELCH COLLEGE,Gallatin,TN
2115,abilenechristianuniversity,ABILENE CHRISTIAN UNIVERSITY,Abilene,TX
2228,altieruscareercollegebissonnet,ALTIERUS CAREER COLLEGE-BISSONNET,Houston,TX
2116,alvincommunitycollege,ALVIN COMMUNITY COLLEGE,Alvin,TX
2119,austincollege,AUSTIN COLLEGE,Sherman,TX
2110,baptisthealthsystemschoolhealthprofessions,BAPTIST HEALTH SYSTEM SCHOOL OF HEALTH PROFESSIONS,San Antonio,TX
2124,brookhavencollege,BROOKHAVEN COLLEGE,Farmers Branch,TX
2125,cedarvalleycollege,CEDAR VALLEY COLLEGE,Lancaster,TX
2126,ciscocollege,CISCO COLLEGE,Cisco,TX
2127,clarendoncollege,CLARENDON COLLEGE,Clarendon,TX
2104,coastalbendcollege,COASTAL BEND COLLEGE,Beeville,TX
2223,collegebiblicalstudieshouston,COLLEGE OF BIBLICAL STUDIES-HOUSTON,Houston,TX
2131,dallasbaptistuniversity,DALLAS BAPTIST UNIVERSITY,Dallas,TX
2136,eastfieldcollege,EASTFIELD COLLEGE,Mesquite,TX
2139,graysoncollege,GRAYSON COLLEGE,Denison,TX
2142,hillcollege,HILL COLLEGE,Hillsboro,TX
2148,howardcollege,HOWARD COLLEGE,Big Spring,TX
2150,hustontillotsonuniversity,HUSTON-TILLOTSON UNIVERSITY,,TX
2152,jacksonvillecollegemaincampus,JACKSONVILLE COLLEGE-MAIN CAMPUS,Jacksonville,TX
2153,jarvischristiancollege,JARVIS CHRISTIAN COLLEGE,Hawkins,TX
2154,kilgorecollege,KILGORE COLLEGE,Kilgore,TX
2112,kingsuniversity,THE KING'S UNIVERSITY,Southlake,TX
2233,lamarinstitutetechnology,LAMAR INSTITUTE OF TECHNOLOGY,Beaumont,TX
2155,lamarstatecollegeorange,LAMAR STATE COLLEGE-ORANGE,Orange,TX
2146,lamaruniversity,LAMAR UNIVERSITY,Beaumont,TX
2158,letourneauuniversity,LETOURNEAU UNIVERSITY,Longview,TX
2164,midwesternstateuniversity,MIDWESTERN STATE UNIVERSITY,Wichita Falls,TX
2165,mountainviewcollege,MOUNTAIN VIEW COLLEGE,Dallas,TX
2129,northcentraltexascollege,NORTH CENTRAL TEXAS COLLEGE,Gainesville,TX
2169,northeasttexascommunitycollege,NORTHEAST TEXAS COMMUNITY COLLEGE,Mount Pleasant,TX
2167,northlakecollege,NORTH LAKE COLLEGE,Irving,TX
2170,odessacollege,ODESSA COLLEGE,Odessa,TX
2177,rangercollege,RANGER COLLEGE,Ranger,TX
2179,richlandcollege,RICHLAND COLLEGE,Dallas,TX
2183,schreineruniversity,SCHREINER UNIVERSITY,Kerrville,TX
2224,southtexascollege,SOUTH TEXAS COLLEGE,McAllen,TX
2188,southwesternassembliesgoduniversity,SOUTHWESTERN ASSEMBLIES OF GOD UNIVERSITY,Waxahachie,TX
2194,templecollege,TEMPLE COLLEGE,Temple,TX
2157,texasaminternationaluniversity,TEXAS A &amp; M INTERNATIONAL UNIVERSITY,Laredo,TX
2231,texasamuniversitysanantonio,TEXAS A&amp;M UNIVERSITY-SAN ANTONIO,San Antonio,TX
2135,texasamuniversitytexarkana,TEXAS A&amp;M UNIVERSITY-TEXARKANA,Texarkana,TX
2204,texascollege,TEXAS COLLEGE,Tyler,TX
2208,texassouthernuniversity,TEXAS SOUTHERN UNIVERSITY,Houston,TX
2230,texasstatetechnicalcollege,TEXAS STATE TECHNICAL COLLEGE,Waco,TX
2210,texaswesleyanuniversity,TEXAS WESLEYAN UNIVERSITY,Fort Worth,TX
2145,universityhoustonvictoria,UNIVERSITY OF HOUSTON-VICTORIA,Victoria,TX
2151,universityincarnateword,UNIVERSITY OF THE INCARNATE WORD,San Antonio,TX
2227,universitynorthtexasdallas,UNIVERSITY OF NORTH TEXAS AT DALLAS,Dallas,TX
2172,universitytexasriograndevalley,THE UNIVERSITY OF TEXAS RIO GRANDE VALLEY,Edinburg,TX
2215,victoriacollege,VICTORIA COLLEGE,Victoria,TX
2217,weatherfordcollege,WEATHERFORD COLLEGE,Weatherford,TX
2219,westerntexascollege,WESTERN TEXAS COLLEGE,Snyder,TX
2220,wileycollege,WILEY COLLEGE,Marshall,TX
426,brighamyounguniversityprovo,BRIGHAM YOUNG UNIVERSITY-PROVO,Provo,UT
433,neumontcollegecomputerscience,NEUMONT COLLEGE OF COMPUTER SCIENCE,Salt Lake City,UT
420,ogdenwebertechnicalcollege,OGDEN-WEBER TECHNICAL COLLEGE,Ogden,UT
421,stevenshenagercollege,STEVENS-HENAGER COLLEGE,Salt Lake City,UT
434,stevenshenagercollegestgeorgeutahcampus,STEVENS HENAGER COLLEGE - ST GEORGE UTAH CAMPUS,St. George,UT
419,utahvalleyuniversity,UTAH VALLEY UNIVERSITY,Orem,UT
1985,americannationaluniversity,AMERICAN NATIONAL UNIVERSITY,Salem,VA
1955,bluefieldcollege,BLUEFIELD COLLEGE,Bluefield,VA
2014,bryantstrattoncollegehampton,BRYANT &amp; STRATTON COLLEGE-HAMPTON,Hampton,VA
1962,bryantstrattoncollegerichmond,BRYANT &amp; STRATTON COLLEGE-RICHMOND,North Chesterfield,VA
1957,collegewilliammary,COLLEGE OF WILLIAM AND MARY,Williamsburg,VA
1965,easternshorecommunitycollege,EASTERN SHORE COMMUNITY COLLEGE,Melfa,VA
1966,ferrumcollege,FERRUM COLLEGE,Ferrum,VA
1970,hamptonuniversity,HAMPTON UNIVERSITY,Hampton,VA
1971,hollinsuniversity,HOLLINS UNIVERSITY,Roanoke,VA
1975,jamesmadisonuniversity,JAMES MADISON UNIVERSITY,Harrisonburg,VA
1974,norfolkstateuniversity,NORFOLK STATE UNIVERSITY,Norfolk,VA
1993,randolphcollege,RANDOLPH COLLEGE,Lynchburg,VA
1958,regentuniversity,REGENT UNIVERSITY,Virginia Beach,VA
1995,richardblandcollege,RICHARD BLAND COLLEGE,South Prince George,VA
1952,stratforduniversity,STRATFORD UNIVERSITY,Fairfax,VA
2001,sweetbriarcollege,SWEET BRIAR COLLEGE,Sweet Briar,VA
1982,universitymarywashington,UNIVERSITY OF MARY WASHINGTON,Fredericksburg,VA
1997,universityrichmond,UNIVERSITY OF RICHMOND,University of Richmond,VA
2009,virginiamilitaryinstitute,VIRGINIA MILITARY INSTITUTE,Lexington,VA
123,champlaincollege,CHAMPLAIN COLLEGE,Burlington,VT
124,goddardcollege,GODDARD COLLEGE,Plainfield,VT
125,greenmountaincollege,GREEN MOUNTAIN COLLEGE,Poultney,VT
132,landmarkcollege,LANDMARK COLLEGE,Putney,VT
120,marlborocollegegraduateprofessionalstudies,MARLBORO COLLEGE GRADUATE &amp; PROFESSIONAL STUDIES,Marlboro,VT
127,norwichuniversity,NORWICH UNIVERSITY,Northfield,VT
129,southernvermontcollege,SOUTHERN VERMONT COLLEGE,,VT
398,antiochuniversityseattle,ANTIOCH UNIVERSITY-SEATTLE,Seattle,WA
372,bastyruniversity,BASTYR UNIVERSITY,Kenmore,WA
402,carringtoncollegespokane,CARRINGTON COLLEGE-SPOKANE,Spokane,WA
363,clarkcollege,CLARK COLLEGE,Vancouver,WA
366,edmondscommunitycollege,EDMONDS COMMUNITY COLLEGE,Lynnwood,WA
401,northwestindiancollege,NORTHWEST INDIAN COLLEGE,Bellingham,WA
377,northwestuniversity,NORTHWEST UNIVERSITY,Kirkland,WA
380,pacificlutheranuniversity,PACIFIC LUTHERAN UNIVERSITY,Tacoma,WA
379,perrytechnicalinstitute,PERRY TECHNICAL INSTITUTE,Yakima,WA
368,piercecollegefortsteilacoom,PIERCE COLLEGE-FORT STEILACOOM,,WA
399,universitywashingtonbothellcampus,UNIVERSITY OF WASHINGTON-BOTHELL CAMPUS,Bothell,WA
391,universitywashingtonseattlecampus,UNIVERSITY OF WASHINGTON-SEATTLE CAMPUS,Seattle,WA
400,universitywashingtontacomacampus,UNIVERSITY OF WASHINGTON-TACOMA CAMPUS,Tacoma,WA
406,washingtonstateuniversityspokane,WASHINGTON STATE UNIVERSITY - SPOKANE,,WA
407,washingtonstateuniversitytricities,WASHINGTON STATE UNIVERSITY - TRI-CITIES,,WA
408,washingtonstateuniversityvancouver,WASHINGTON STATE UNIVERSITY - VANCOUVER,,WA
394,whatcomcommunitycollege,WHATCOM COMMUNITY COLLEGE,Bellingham,WA
397,yakimavalleycollege,YAKIMA VALLEY COLLEGE,Yakima,WA
1708,beloitcollege,BELOIT COLLEGE,Beloit,WI
1709,cardinalstritchuniversity,CARDINAL STRITCH UNIVERSITY,Milwaukee,WI
1710,carrolluniversity,CARROLL UNIVERSITY,Waukesha,WI
1724,chippewavalleytechnicalcollege,CHIPPEWA VALLEY TECHNICAL COLLEGE,Eau Claire,WI
1696,concordiauniversitywisconsin,CONCORDIA UNIVERSITY-WISCONSIN,Mequon,WI
1704,eastwesthealingartsinstitutemilwaukee,EAST-WEST HEALING ARTS INSTITUTE - MILWAUKEE,,WI
1711,edgewoodcollege,EDGEWOOD COLLEGE,Madison,WI
1742,herzinguniversitykenosha,HERZING UNIVERSITY-KENOSHA,Kenosha,WI
1734,herzinguniversitymadison,HERZING UNIVERSITY-MADISON,Madison,WI
1713,maranathabaptistuniversity,MARANATHA BAPTIST UNIVERSITY,Watertown,WI
1717,moraineparktechnicalcollege,MORAINE PARK TECHNICAL COLLEGE,Fond du Lac,WI
1721,riponcollege,RIPON COLLEGE,Ripon,WI
1722,southwestwisconsintechnicalcollege,SOUTHWEST WISCONSIN TECHNICAL COLLEGE,,WI
1743,universitywisconsincollegesbaraboosaukcounty,UNIVERSITY OF WISCONSIN COLLEGES - BARABOO/SAUK COUNTY,,WI
1744,universitywisconsincollegesbarroncounty,UNIVERSITY OF WISCONSIN COLLEGES - BARRON COUNTY,,WI
1745,universitywisconsincollegesfonddulac,UNIVERSITY OF WISCONSIN COLLEGES - FOND DU LAC,,WI
1746,universitywisconsincollegesfoxvalley,UNIVERSITY OF WISCONSIN COLLEGES - FOX VALLEY,,WI
1747,universitywisconsincollegesmanitowoc,UNIVERSITY OF WISCONSIN COLLEGES - MANITOWOC,,WI
1748,universitywisconsincollegesmarathoncounty,UNIVERSITY OF WISCONSIN COLLEGES - MARATHON COUNTY,,WI
1749,universitywisconsincollegesmarshfieldwoodcounty,UNIVERSITY OF WISCONSIN COLLEGES - MARSHFIELD/WOOD COUNTY,,WI
1750,universitywisconsincollegesrockcounty,UNIVERSITY OF WISCONSIN COLLEGES - ROCK COUNTY,,WI
1751,universitywisconsincollegessheboygan,UNIVERSITY OF WISCONSIN COLLEGES - SHEBOYGAN,,WI
1752,universitywisconsincollegeswashingtoncounty,UNIVERSITY OF WISCONSIN COLLEGES - WASHINGTON COUNTY,,WI
1753,universitywisconsincollegeswaukesha,UNIVERSITY OF WISCONSIN COLLEGES - WAUKESHA,,WI
1725,waukeshacountytechnicalcollege,WAUKESHA COUNTY TECHNICAL COLLEGE,Pewaukee,WI
1700,westerntechnicalcollege,WESTERN TECHNICAL COLLEGE,La Crosse,WI
1754,wisconsinindianheadtechnicalcollegeashlandcampus,WISCONSIN INDIANHEAD TECHNICAL COLLEGE - ASHLAND CAMPUS,,WI
1755,wisconsinindianheadtechnicalcollegenewrichmondcampus,WISCONSIN INDIANHEAD TECHNICAL COLLEGE - NEW RICHMOND CAMPUS,,WI
1756,wisconsinindianheadtechnicalcollegericelakecampus,WISCONSIN INDIANHEAD TECHNICAL COLLEGE - RICE LAKE CAMPUS,,WI
1757,wisconsinindianheadtechnicalcollegesuperiorcampus,WISCONSIN INDIANHEAD TECHNICAL COLLEGE - SUPERIOR CAMPUS,,WI
1355,bluefieldstatecollege,BLUEFIELD STATE COLLEGE,Bluefield,WV
1350,bridgevalleycommunitytechnicalcollege,BRIDGEVALLEY COMMUNITY &amp; TECHNICAL COLLEGE,South  Charleston,WV
1359,fairmontstateuniversity,FAIRMONT STATE UNIVERSITY,Fairmont,WV
1360,glenvillestatecollege,GLENVILLE STATE COLLEGE,Glenville,WV
1352,mountwestcommunitytechnicalcollege,MOUNTWEST COMMUNITY AND TECHNICAL COLLEGE,Huntington,WV
1369,newrivercommunitytechnicalcollege,NEW RIVER COMMUNITY AND TECHNICAL COLLEGE,Beaver,WV
1349,westlibertyuniversity,WEST LIBERTY UNIVERSITY,,WV
1365,westvirginianortherncommunitycollege,WEST VIRGINIA NORTHERN COMMUNITY COLLEGE,Wheeling,WV
1361,westvirginiauniversityparkersburg,WEST VIRGINIA UNIVERSITY AT PARKERSBURG,Parkersburg,WV
1367,wheelingjesuituniversity,WHEELING JESUIT UNIVERSITY,Wheeling,WV
1371,centralwyomingcollege,CENTRAL WYOMING COLLEGE,Riverton,WY
1376,westernwyomingcommunitycollege,WESTERN WYOMING COMMUNITY COLLEGE,Rock Springs,WY
